addv0.cu,0,inf
addv0.cu,0.842144,0.00972755
addv0.cu,1.05078,0.00779608
addv0.cu,0.60096,0.0136315
addv0.cu,0.448576,0.0182622
addv0.cu,0.4608,0.0177778
addv0.cu,0.441728,0.0185454
addv0.cu,0.315392,0.025974
addv0.cu,0.42976,19.5193
addv0.cu,0.62256,13.4744
addv0.cu,0.447104,18.7621
